Especialidades,
Alergología,
Anestesiología,
Angiología,
Cardiología,
Endocrinología,
Estomatología,
FarmacologíaClínica,
Gastroenterología,
Genética,
Geriatría,
Hematología,
Hepatología,
Infectología,
Medicina aeroespacial,
Medicina del deporte,
Medicina familiar y comunitaria,
Medicina física y rehabilitación,
Medicina forense,
Medicina intensiva,
Medicina interna,
Medicina preventiva y salud pública,
Medicina del trabajo,
Nefrología,
Neumología,
Neurología,
Nutriología,
Oncología médica,
Oncología radioterápica,
Pediatría,
Psiquiatría,
Reumatología,
Toxicología,